what,kind,bundleId,bundleVersion,description,time
error,log,,,"资源与文件系统不同步：“/NWS/lib/table/Keke_witkey_session_class.php”。",1408871021691
error,log,,,"资源与文件系统不同步：“/NWS/lib/table/Keke_witkey_shop_case_class.php”。",1408871021693
error,log,,,"资源与文件系统不同步：“/NWS/lib/table/Keke_witkey_shop_cate_class.php”。",1408871021695
error,log,,,"资源与文件系统不同步：“/NWS/lib/table/Keke_witkey_shop_class.php”。",1408871021697
error,log,,,"资源与文件系统不同步：“/NWS/lib/table/Keke_witkey_shop_member_class.php”。",1408871021698
error,log,,,"资源与文件系统不同步：“/NWS/lib/table/Keke_witkey_shortcuts_class.php”。",1408871021700
error,log,,,"资源与文件系统不同步：“/NWS/lib/table/Keke_witkey_space_class.php”。",1408871021702
error,log,,,"资源与文件系统不同步：“/NWS/lib/table/Keke_witkey_system_log_class.php”。",1408871021704
error,log,,,"资源与文件系统不同步：“/NWS/lib/table/Keke_witkey_tag_class.php”。",1408871021706
error,log,,,"资源与文件系统不同步：“/NWS/lib/table/Keke_witkey_task_bid_class.php”。",1408871021707
error,log,,,"资源与文件系统不同步：“/NWS/lib/table/Keke_witkey_task_cash_cove_class.php”。",1408871021709
error,log,,,"资源与文件系统不同步：“/NWS/lib/table/Keke_witkey_task_class.php”。",1408871021710
error,log,,,"资源与文件系统不同步：“/NWS/lib/table/Keke_witkey_task_delay_class.php”。",1408871021711
error,log,,,"资源与文件系统不同步：“/NWS/lib/table/Keke_witkey_task_delay_rule_class.php”。",1408871021712
error,log,,,"资源与文件系统不同步：“/NWS/lib/table/Keke_witkey_task_ext_class.php”。",1408871021714
error,log,,,"资源与文件系统不同步：“/NWS/lib/table/Keke_witkey_task_frost_class.php”。",1408871021716
error,log,,,"资源与文件系统不同步：“/NWS/lib/table/Keke_witkey_task_match_class.php”。",1408871021718
error,log,,,"资源与文件系统不同步：“/NWS/lib/table/Keke_witkey_task_match_work_class.php”。",1408871021720
error,log,,,"资源与文件系统不同步：“/NWS/lib/table/Keke_witkey_task_plan_class.php”。",1408871021722
error,log,,,"资源与文件系统不同步：“/NWS/lib/table/Keke_witkey_task_prize_class.php”。",1408871021723
error,log,,,"资源与文件系统不同步：“/NWS/lib/table/Keke_witkey_task_relation_class.php”。",1408871021726
error,log,,,"资源与文件系统不同步：“/NWS/lib/table/Keke_witkey_task_sign_class.php”。",1408871021728
error,log,,,"资源与文件系统不同步：“/NWS/lib/table/Keke_witkey_task_taobao_class.php”。",1408871021730
error,log,,,"资源与文件系统不同步：“/NWS/lib/table/Keke_witkey_task_taobao_views_class.php”。",1408871021732
error,log,,,"资源与文件系统不同步：“/NWS/lib/table/Keke_witkey_task_taobao_work_class.php”。",1408871021733
error,log,,,"资源与文件系统不同步：“/NWS/lib/table/Keke_witkey_task_time_rule_class.php”。",1408871021735
error,log,,,"资源与文件系统不同步：“/NWS/lib/table/Keke_witkey_task_wbdj_class.php”。",1408871021737
error,log,,,"资源与文件系统不同步：“/NWS/lib/table/Keke_witkey_task_wbdj_views_class.php”。",1408871021738
error,log,,,"资源与文件系统不同步：“/NWS/lib/table/Keke_witkey_task_wbdj_work_class.php”。",1408871021739
error,log,,,"资源与文件系统不同步：“/NWS/lib/table/Keke_witkey_task_wbzf_class.php”。",1408871021741
error,log,,,"资源与文件系统不同步：“/NWS/lib/table/Keke_witkey_task_wbzf_work_class.php”。",1408871021743
error,log,,,"资源与文件系统不同步：“/NWS/lib/table/Keke_witkey_task_work_class.php”。",1408871021744
error,log,,,"资源与文件系统不同步：“/NWS/lib/table/Keke_witkey_unit_image_class.php”。",1408871021746
error,log,,,"资源与文件系统不同步：“/NWS/lib/table/Keke_witkey_vote_class.php”。",1408871021748
error,log,,,"资源与文件系统不同步：“/NWS/lib/table/Keke_witkey_withdraw_class.php”。",1408871021749
error,log,,,"资源与文件系统不同步：“/NWS/shop/goods/admin/admin_route.php”。",1408871021751
error,log,,,"资源与文件系统不同步：“/NWS/shop/goods/admin/goods_config.php”。",1408871021752
error,log,,,"资源与文件系统不同步：“/NWS/shop/goods/admin/goods_edit.php”。",1408871021754
error,log,,,"资源与文件系统不同步：“/NWS/shop/goods/admin/goods_list.php”。",1408871021755
error,log,,,"资源与文件系统不同步：“/NWS/shop/goods/admin/goods_order.php”。",1408871021756
error,log,,,"资源与文件系统不同步：“/NWS/shop/goods/admin/goods_order_detail.php”。",1408871021758
error,log,,,"资源与文件系统不同步：“/NWS/shop/goods/admin/goods_process.php”。",1408871021759
error,log,,,"资源与文件系统不同步：“/NWS/shop/goods/admin/init_config.php”。",1408871021760
error,log,,,"资源与文件系统不同步：“/NWS/shop/goods/admin/install/install.php”。",1408871021762
error,log,,,"资源与文件系统不同步：“/NWS/shop/goods/admin/shop_misc.php”。",1408871021763
error,log,,,"资源与文件系统不同步：“/NWS/shop/goods/admin/tpl/goods_config.htm”。",1408871021765
error,log,,,"资源与文件系统不同步：“/NWS/shop/goods/admin/tpl/goods_edit_basic.htm”。",1408871021766
error,log,,,"资源与文件系统不同步：“/NWS/shop/goods/admin/tpl/goods_edit_comm.htm”。",1408871021768
error,log,,,"资源与文件系统不同步：“/NWS/shop/goods/admin/tpl/goods_edit_ext.htm”。",1408871021770
error,log,,,"资源与文件系统不同步：“/NWS/shop/goods/admin/tpl/goods_edit_mark.htm”。",1408871021771
error,log,,,"资源与文件系统不同步：“/NWS/shop/goods/admin/tpl/goods_edit_order.htm”。",1408871021774
error,log,,,"资源与文件系统不同步：“/NWS/shop/goods/admin/tpl/goods_list.htm”。",1408871021776
error,log,,,"资源与文件系统不同步：“/NWS/shop/goods/admin/tpl/goods_order.htm”。",1408871021777
error,log,,,"资源与文件系统不同步：“/NWS/shop/goods/admin/tpl/goods_process.htm”。",1408871021778
error,log,,,"资源与文件系统不同步：“/NWS/shop/goods/control/buyer_order.php”。",1408871021780
error,log,,,"资源与文件系统不同步：“/NWS/shop/goods/control/index.php”。",1408871021781
error,log,,,"资源与文件系统不同步：“/NWS/shop/goods/control/pub.php”。",1408871021782
error,log,,,"资源与文件系统不同步：“/NWS/shop/goods/control/seller_order.php”。",1408871021783
error,log,,,"资源与文件系统不同步：“/NWS/shop/goods/lib/goods_pay_return_class.php”。",1408871021785
error,log,,,"资源与文件系统不同步：“/NWS/shop/goods/lib/goods_priv_class.php”。",1408871021786
error,log,,,"资源与文件系统不同步：“/NWS/shop/goods/lib/goods_release_class.php”。",1408871021787
error,log,,,"资源与文件系统不同步：“/NWS/shop/goods/lib/goods_report_class.php”。",1408871021788
error,log,,,"资源与文件系统不同步：“/NWS/shop/goods/lib/goods_shop_class.php”。",1408871021790
error,log,,,"资源与文件系统不同步：“/NWS/shop/goods/lib/goods_time_class.php”。",1408871021791
error,log,,,"资源与文件系统不同步：“/NWS/shop/goods/tpl/default/comment.htm”。",1408871021793
error,log,,,"资源与文件系统不同步：“/NWS/shop/goods/tpl/default/goods.js”。",1408871021795
error,log,,,"资源与文件系统不同步：“/NWS/shop/goods/tpl/default/index.htm”。",1408871021796
error,log,,,"资源与文件系统不同步：“/NWS/shop/goods/tpl/default/mark.htm”。",1408871021798
error,log,,,"资源与文件系统不同步：“/NWS/shop/goods/tpl/default/order/buyer_index.htm”。",1408871021799
error,log,,,"资源与文件系统不同步：“/NWS/shop/goods/tpl/default/order/buyer_step1.htm”。",1408871021801
error,log,,,"资源与文件系统不同步：“/NWS/shop/goods/tpl/default/order/buyer_step2.htm”。",1408871021802
error,log,,,"资源与文件系统不同步：“/NWS/shop/goods/tpl/default/order/buyer_step3.htm”。",1408871021803
error,log,,,"资源与文件系统不同步：“/NWS/shop/goods/tpl/default/order/buyer_step4.htm”。",1408871021805
error,log,,,"资源与文件系统不同步：“/NWS/shop/goods/tpl/default/order/kf_info.htm”。",1408871021806
error,log,,,"资源与文件系统不同步：“/NWS/shop/goods/tpl/default/order/order.js”。",1408871021807
error,log,,,"资源与文件系统不同步：“/NWS/shop/goods/tpl/default/order/seller_index.htm”。",1408871021809
error,log,,,"资源与文件系统不同步：“/NWS/shop/goods/tpl/default/order/seller_step4.htm”。",1408871021810
error,log,,,"资源与文件系统不同步：“/NWS/shop/goods/tpl/default/sale.htm”。",1408871021812
error,log,,,"资源与文件系统不同步：“/NWS/shop/goods/tpl/default/step1.htm”。",1408871021813
error,log,,,"资源与文件系统不同步：“/NWS/shop/goods/tpl/default/step2.htm”。",1408871021814
error,log,,,"资源与文件系统不同步：“/NWS/shop/goods/tpl/default/step3.htm”。",1408871021817
error,log,,,"资源与文件系统不同步：“/NWS/shop/service/admin/admin_route.php”。",1408871021819
error,log,,,"资源与文件系统不同步：“/NWS/shop/service/admin/init_config.php”。",1408871021820
error,log,,,"资源与文件系统不同步：“/NWS/shop/service/admin/install/install.php”。",1408871021821
error,log,,,"资源与文件系统不同步：“/NWS/shop/service/admin/service_config.php”。",1408871021822
error,log,,,"资源与文件系统不同步：“/NWS/shop/service/admin/service_edit.php”。",1408871021823
error,log,,,"资源与文件系统不同步：“/NWS/shop/service/admin/service_list.php”。",1408871021825
error,log,,,"资源与文件系统不同步：“/NWS/shop/service/admin/service_order.php”。",1408871021827
error,log,,,"资源与文件系统不同步：“/NWS/shop/service/admin/service_process.php”。",1408871021828
error,log,,,"资源与文件系统不同步：“/NWS/shop/service/admin/shop_misc.php”。",1408871021830
error,log,,,"资源与文件系统不同步：“/NWS/shop/service/admin/tpl/service_config.htm”。",1408871021832
error,log,,,"资源与文件系统不同步：“/NWS/shop/service/admin/tpl/service_edit_basic.htm”。",1408871021833
error,log,,,"资源与文件系统不同步：“/NWS/shop/service/admin/tpl/service_edit_comm.htm”。",1408871021835
error,log,,,"资源与文件系统不同步：“/NWS/shop/service/admin/tpl/service_edit_ext.htm”。",1408871021836
error,log,,,"资源与文件系统不同步：“/NWS/shop/service/admin/tpl/service_edit_mark.htm”。",1408871021837
error,log,,,"资源与文件系统不同步：“/NWS/shop/service/admin/tpl/service_edit_order.htm”。",1408871021838
error,log,,,"资源与文件系统不同步：“/NWS/shop/service/admin/tpl/service_list.htm”。",1408871021840
error,log,,,"资源与文件系统不同步：“/NWS/shop/service/admin/tpl/service_order.htm”。",1408871021841
error,log,,,"资源与文件系统不同步：“/NWS/shop/service/admin/tpl/service_process.htm”。",1408871021842
error,log,,,"资源与文件系统不同步：“/NWS/shop/service/control/buyer_order.php”。",1408871021844
error,log,,,"资源与文件系统不同步：“/NWS/shop/service/control/index.php”。",1408871021845
error,log,,,"资源与文件系统不同步：“/NWS/shop/service/control/pub.php”。",1408871021846
error,log,,,"资源与文件系统不同步：“/NWS/shop/service/control/seller_order.php”。",1408871021847
error,log,,,"资源与文件系统不同步：“/NWS/shop/service/lib/service_pay_return_class.php”。",1408871021849
error,log,,,"资源与文件系统不同步：“/NWS/shop/service/lib/service_permission_class.php”。",1408871021850
error,log,,,"资源与文件系统不同步：“/NWS/shop/service/lib/service_release_class.php”。",1408871021851
error,log,,,"资源与文件系统不同步：“/NWS/shop/service/lib/service_report_class.php”。",1408871021853
error,log,,,"资源与文件系统不同步：“/NWS/shop/service/lib/service_shop_class.php”。",1408871021854
error,log,,,"资源与文件系统不同步：“/NWS/shop/service/lib/service_time_class.php”。",1408871021856
error,log,,,"资源与文件系统不同步：“/NWS/shop/service/lib/shop_service_config_class.php”。",1408871021859
error,log,,,"资源与文件系统不同步：“/NWS/shop/service/tpl/default/comment.htm”。",1408871021860
error,log,,,"资源与文件系统不同步：“/NWS/shop/service/tpl/default/index.htm”。",1408871021862
error,log,,,"资源与文件系统不同步：“/NWS/shop/service/tpl/default/mark.htm”。",1408871021863
error,log,,,"资源与文件系统不同步：“/NWS/shop/service/tpl/default/order/buyer_index.htm”。",1408871021864
error,log,,,"资源与文件系统不同步：“/NWS/shop/service/tpl/default/order/buyer_step1.htm”。",1408871021866
error,log,,,"资源与文件系统不同步：“/NWS/shop/service/tpl/default/order/buyer_step2.htm”。",1408871021870
error,log,,,"资源与文件系统不同步：“/NWS/shop/service/tpl/default/order/buyer_step3.htm”。",1408871021872
error,log,,,"资源与文件系统不同步：“/NWS/shop/service/tpl/default/order/buyer_step4.htm”。",1408871021873
error,log,,,"资源与文件系统不同步：“/NWS/shop/service/tpl/default/order/buyer_step5.htm”。",1408871021874
error,log,,,"资源与文件系统不同步：“/NWS/shop/service/tpl/default/order/buyer_step6.htm”。",1408871021876
error,log,,,"资源与文件系统不同步：“/NWS/shop/service/tpl/default/order/order.js”。",1408871021878
error,log,,,"资源与文件系统不同步：“/NWS/shop/service/tpl/default/order/seller_index.htm”。",1408871021880
error,log,,,"资源与文件系统不同步：“/NWS/shop/service/tpl/default/order/seller_step2.htm”。",1408871021881
error,log,,,"资源与文件系统不同步：“/NWS/shop/service/tpl/default/order/seller_step3.htm”。",1408871021882
error,log,,,"资源与文件系统不同步：“/NWS/shop/service/tpl/default/order/seller_step4.htm”。",1408871021884
error,log,,,"资源与文件系统不同步：“/NWS/shop/service/tpl/default/order/seller_step5.htm”。",1408871021885
error,log,,,"资源与文件系统不同步：“/NWS/shop/service/tpl/default/order/seller_step6.htm”。",1408871021886
error,log,,,"资源与文件系统不同步：“/NWS/shop/service/tpl/default/sale.htm”。",1408871021888
error,log,,,"资源与文件系统不同步：“/NWS/shop/service/tpl/default/service.js”。",1408871021889
error,log,,,"资源与文件系统不同步：“/NWS/shop/service/tpl/default/step1.htm”。",1408871021891
error,log,,,"资源与文件系统不同步：“/NWS/shop/service/tpl/default/step2.htm”。",1408871021892
error,log,,,"资源与文件系统不同步：“/NWS/shop/service/tpl/default/step3.htm”。",1408871021894
error,log,,,"资源与文件系统不同步：“/NWS/static/img/gdfonts/automatic.gdf”。",1408871021895
error,log,,,"资源与文件系统不同步：“/NWS/static/img/gdfonts/bubblebath.gdf”。",1408871021896
error,log,,,"资源与文件系统不同步：“/NWS/static/img/gdfonts/caveman.gdf”。",1408871021897
error,log,,,"资源与文件系统不同步：“/NWS/static/img/gdfonts/crass.gdf”。",1408871021899
error,log,,,"资源与文件系统不同步：“/NWS/static/img/gdfonts/elephant.ttf”。",1408871021900
error,log,,,"资源与文件系统不同步：“/NWS/static/img/ico/163_t.gif”。",1408871021902
error,log,,,"资源与文件系统不同步：“/NWS/static/img/ico/alipay_t.gif”。",1408871021906
error,log,,,"资源与文件系统不同步：“/NWS/static/img/ico/bank_0.gif”。",1408871021908
error,log,,,"资源与文件系统不同步：“/NWS/static/img/ico/bank_1.gif”。",1408871021910
error,log,,,"资源与文件系统不同步：“/NWS/static/img/ico/company.gif”。",1408871021911
error,log,,,"资源与文件系统不同步：“/NWS/static/img/ico/company_0.gif”。",1408871021913
error,log,,,"资源与文件系统不同步：“/NWS/static/img/ico/company_1.gif”。",1408871021915
error,log,,,"资源与文件系统不同步：“/NWS/static/img/ico/fb.jpg”。",1408871021917
error,log,,,"资源与文件系统不同步：“/NWS/static/img/ico/ico_32_alipay.gif”。",1408871021918
error,log,,,"资源与文件系统不同步：“/NWS/static/img/ico/ico_32_douban.gif”。",1408871021920
error,log,,,"资源与文件系统不同步：“/NWS/static/img/ico/ico_32_netease.gif”。",1408871021921
error,log,,,"资源与文件系统不同步：“/NWS/static/img/ico/ico_32_qq.gif”。",1408871021923
error,log,,,"资源与文件系统不同步：“/NWS/static/img/ico/ico_32_renren.gif”。",1408871021924
error,log,,,"资源与文件系统不同步：“/NWS/static/img/ico/ico_32_sina.gif”。",1408871021926
error,log,,,"资源与文件系统不同步：“/NWS/static/img/ico/ico_32_sohu.gif”。",1408871021927
error,log,,,"资源与文件系统不同步：“/NWS/static/img/ico/ico_32_taobao.gif”。",1408871021928
error,log,,,"资源与文件系统不同步：“/NWS/static/img/ico/ico_32_ten.gif”。",1408871021929
error,log,,,"资源与文件系统不同步：“/NWS/static/img/ico/ico_48x48_alipay.gif”。",1408871021931
error,log,,,"资源与文件系统不同步：“/NWS/static/img/ico/ico_48x48_netease.gif”。",1408871021932
error,log,,,"资源与文件系统不同步：“/NWS/static/img/ico/ico_48x48_qq.gif”。",1408871021934
error,log,,,"资源与文件系统不同步：“/NWS/static/img/ico/ico_48x48_sina.gif”。",1408871021935
error,log,,,"资源与文件系统不同步：“/NWS/static/img/ico/ico_48x48_sohu.gif”。",1408871021937
error,log,,,"资源与文件系统不同步：“/NWS/static/img/ico/ico_48x48_ten.gif”。",1408871021938
error,log,,,"资源与文件系统不同步：“/NWS/static/img/ico/ico_mark_1.gif”。",1408871021940
error,log,,,"资源与文件系统不同步：“/NWS/static/img/ico/ico_mark_2.gif”。",1408871021941
error,log,,,"资源与文件系统不同步：“/NWS/static/img/ico/ico_mark_3.gif”。",1408871021943
error,log,,,"资源与文件系统不同步：“/NWS/static/img/ico/jj.png”。",1408871021944
error,log,,,"资源与文件系统不同步：“/NWS/static/img/ico/lm.png”。",1408871021945
error,log,,,"资源与文件系统不同步：“/NWS/static/img/ico/mail.gif”。",1408871021947
error,log,,,"资源与文件系统不同步：“/NWS/static/img/ico/mail_0.gif”。",1408871021949
error,log,,,"资源与文件系统不同步：“/NWS/static/img/ico/mail_1.gif”。",1408871021950
error,log,,,"资源与文件系统不同步：“/NWS/static/img/ico/netease_t.gif”。",1408871021951
error,log,,,"资源与文件系统不同步：“/NWS/static/img/ico/phone.gif”。",1408871021954
error,log,,,"资源与文件系统不同步：“/NWS/static/img/ico/phone_0.gif”。",1408871021956
error,log,,,"资源与文件系统不同步：“/NWS/static/img/ico/phone_1.gif”。",1408871021957
error,log,,,"资源与文件系统不同步：“/NWS/static/img/ico/qq_t.gif”。",1408871021958
error,log,,,"资源与文件系统不同步：“/NWS/static/img/ico/realname.gif”。",1408871021960
error,log,,,"资源与文件系统不同步：“/NWS/static/img/ico/realname_0.gif”。",1408871021961
error,log,,,"资源与文件系统不同步：“/NWS/static/img/ico/realname_1.gif”。",1408871021962
error,log,,,"资源与文件系统不同步：“/NWS/static/img/ico/renren_t.gif”。",1408871021964
error,log,,,"资源与文件系统不同步：“/NWS/static/img/ico/sina_t.gif”。",1408871021966
error,log,,,"资源与文件系统不同步：“/NWS/static/img/ico/sohu_t.gif”。",1408871021967
error,log,,,"资源与文件系统不同步：“/NWS/static/img/ico/taobao.gif”。",1408871021968
error,log,,,"资源与文件系统不同步：“/NWS/static/img/ico/taobao_t.gif”。",1408871021969
error,log,,,"资源与文件系统不同步：“/NWS/static/img/ico/ten_t.gif”。",1408871021971
error,log,,,"资源与文件系统不同步：“/NWS/static/img/ico/tencent_t.gif”。",1408871021973
error,log,,,"资源与文件系统不同步：“/NWS/static/img/ico/tj.png”。",1408871021974
error,log,,,"资源与文件系统不同步：“/NWS/static/img/ico/yc.png”。",1408871021976
error,log,,,"资源与文件系统不同步：“/NWS/static/img/ico/yq.png”。",1408871021977
error,log,,,"资源与文件系统不同步：“/NWS/static/img/ico/zd.png”。",1408871021978
error,log,,,"资源与文件系统不同步：“/NWS/static/img/ico/zfb.gif”。",1408871021980
error,log,,,"资源与文件系统不同步：“/NWS/static/img/system/camera.swf”。",1408871021981
error,log,,,"资源与文件系统不同步：“/NWS/static/img/system/kppw_2.0_aboc.png”。",1408871021982
error,log,,,"资源与文件系统不同步：“/NWS/static/img/system/kppw_2.0_boc.png”。",1408871021983
error,log,,,"资源与文件系统不同步：“/NWS/static/img/system/kppw_2.0_bocm.png”。",1408871021985
error,log,,,"资源与文件系统不同步：“/NWS/static/img/system/kppw_2.0_ccb.png”。",1408871021986
error,log,,,"资源与文件系统不同步：“/NWS/static/img/system/kppw_2.0_ccbx.png”。",1408871021987
error,log,,,"资源与文件系统不同步：“/NWS/static/img/system/kppw_2.0_cib.png”。",1408871021988
error,log,,,"资源与文件系统不同步：“/NWS/static/img/system/kppw_2.0_cmb.png”。",1408871021989
error,log,,,"资源与文件系统不同步：“/NWS/static/img/system/kppw_2.0_cmbc.png”。",1408871021991
error,log,,,"资源与文件系统不同步：“/NWS/static/img/system/kppw_2.0_huaxia_bank.png”。",1408871021992
error,log,,,"资源与文件系统不同步：“/NWS/static/img/system/kppw_2.0_icbc.png”。",1408871021993
error,log,,,"资源与文件系统不同步：“/NWS/static/img/system/kppw_2.0_psbc.png”。",1408871021995
error,log,,,"资源与文件系统不同步：“/NWS/static/img/system/kppw_2.0_spdb.png”。",1408871021998
error,log,,,"资源与文件系统不同步：“/NWS/static/img/system/locale.xml”。",1408871021999
error,log,,,"资源与文件系统不同步：“/NWS/static/js/bootstrap-datetimepicker.js”。",1408871022000
error,log,,,"资源与文件系统不同步：“/NWS/static/js/bootstrap-datetimepicker.zh-CN.js”。",1408871022002
error,log,,,"资源与文件系统不同步：“/NWS/static/js/bootstrap.min.js”。",1408871022003
error,log,,,"资源与文件系统不同步：“/NWS/static/js/excanvas.js”。",1408871022004
error,log,,,"资源与文件系统不同步：“/NWS/static/js/holder.min.js”。",1408871022005
error,log,,,"资源与文件系统不同步：“/NWS/static/js/in.js”。",1408871022006
error,log,,,"资源与文件系统不同步：“/NWS/static/js/jqplugins/fancybox/blank.gif”。",1408871022008
error,log,,,"资源与文件系统不同步：“/NWS/static/js/jqplugins/fancybox/fancybox_loading.gif”。",1408871022009
error,log,,,"资源与文件系统不同步：“/NWS/static/js/jqplugins/fancybox/fancybox_loading@2x.gif”。",1408871022010
error,log,,,"资源与文件系统不同步：“/NWS/static/js/jqplugins/fancybox/fancybox_overlay.png”。",1408871022012
error,log,,,"资源与文件系统不同步：“/NWS/static/js/jqplugins/fancybox/fancybox_sprite.png”。",1408871022013
error,log,,,"资源与文件系统不同步：“/NWS/static/js/jqplugins/fancybox/fancybox_sprite@2x.png”。",1408871022014
error,log,,,"资源与文件系统不同步：“/NWS/static/js/jqplugins/fancybox/helpers/fancybox_buttons.png”。",1408871022016
error,log,,,"资源与文件系统不同步：“/NWS/static/js/jqplugins/fancybox/helpers/jquery.fancybox-buttons.css”。",1408871022017
error,log,,,"资源与文件系统不同步：“/NWS/static/js/jqplugins/fancybox/helpers/jquery.fancybox-buttons.js”。",1408871022018
error,log,,,"资源与文件系统不同步：“/NWS/static/js/jqplugins/fancybox/helpers/jquery.fancybox-media.js”。",1408871022019
error,log,,,"资源与文件系统不同步：“/NWS/static/js/jqplugins/fancybox/helpers/jquery.fancybox-thumbs.css”。",1408871022021
error,log,,,"资源与文件系统不同步：“/NWS/static/js/jqplugins/fancybox/helpers/jquery.fancybox-thumbs.js”。",1408871022022
error,log,,,"资源与文件系统不同步：“/NWS/static/js/jqplugins/fancybox/jquery.fancybox.css”。",1408871022023
error,log,,,"资源与文件系统不同步：“/NWS/static/js/jqplugins/fancybox/jquery.fancybox.js”。",1408871022025
error,log,,,"资源与文件系统不同步：“/NWS/static/js/jqplugins/fancybox/jquery.fancybox.min.css”。",1408871022026
error,log,,,"资源与文件系统不同步：“/NWS/static/js/jqplugins/fancybox/jquery.fancybox.min.js”。",1408871022027
error,log,,,"资源与文件系统不同步：“/NWS/static/js/jqplugins/fancybox/jquery.fancybox.pack.js”。",1408871022029
error,log,,,"资源与文件系统不同步：“/NWS/static/js/jqplugins/fotorama/fotorama.css”。",1408871022030
error,log,,,"资源与文件系统不同步：“/NWS/static/js/jqplugins/fotorama/fotorama.js”。",1408871022031
error,log,,,"资源与文件系统不同步：“/NWS/static/js/jqplugins/fotorama/fotorama.png”。",1408871022033
error,log,,,"资源与文件系统不同步：“/NWS/static/js/jqplugins/fotorama/fotorama@2x.png”。",1408871022035
error,log,,,"资源与文件系统不同步：“/NWS/static/js/jqplugins/jcarousel/jquery.jcarousel-core.js”。",1408871022039
error,log,,,"资源与文件系统不同步：“/NWS/static/js/jqplugins/jcarousel/jquery.jcarousel-scrollintoview.js”。",1408871022040
error,log,,,"资源与文件系统不同步：“/NWS/static/js/jqplugins/jcarousel/jquery.jcarousel.autoscroll.js”。",1408871022042
error,log,,,"资源与文件系统不同步：“/NWS/static/js/jqplugins/jcarousel/jquery.jcarousel.control.js”。",1408871022043
error,log,,,"资源与文件系统不同步：“/NWS/static/js/jqplugins/jcarousel/jquery.jcarousel.js”。",1408871022044
error,log,,,"资源与文件系统不同步：“/NWS/static/js/jqplugins/jcarousel/jquery.jcarousel.pagination.js”。",1408871022046
error,log,,,"资源与文件系统不同步：“/NWS/static/js/jqplugins/starrating/delete.gif”。",1408871022047
error,log,,,"资源与文件系统不同步：“/NWS/static/js/jqplugins/starrating/jquery.MetaData.js”。",1408871022048
error,log,,,"资源与文件系统不同步：“/NWS/static/js/jqplugins/starrating/jquery.rating.css”。",1408871022050
error,log,,,"资源与文件系统不同步：“/NWS/static/js/jqplugins/starrating/jquery.rating.js”。",1408871022051
error,log,,,"资源与文件系统不同步：“/NWS/static/js/jqplugins/starrating/star.gif”。",1408871022052
error,log,,,"资源与文件系统不同步：“/NWS/static/js/jqplugins/tagsinput/jquery.tagsinput.css”。",1408871022054
error,log,,,"资源与文件系统不同步：“/NWS/static/js/jqplugins/tagsinput/jquery.tagsinput.js”。",1408871022055
error,log,,,"资源与文件系统不同步：“/NWS/static/js/jqplugins/tagsinput/jquery.tagsinput.min.js”。",1408871022056
error,log,,,"资源与文件系统不同步：“/NWS/static/js/jquery.form.js”。",1408871022058
error,log,,,"资源与文件系统不同步：“/NWS/static/js/jquery.lazyload.js”。",1408871022059
error,log,,,"资源与文件系统不同步：“/NWS/static/js/jquery.min.1.8.3.js”。",1408871022060
error,log,,,"资源与文件系统不同步：“/NWS/static/js/jquery.min.js”。",1408871022061
error,log,,,"资源与文件系统不同步：“/NWS/static/js/model/common/base.js”。",1408871022063
error,log,,,"资源与文件系统不同步：“/NWS/static/js/model/pay/pay.js”。",1408871022064
error,log,,,"资源与文件系统不同步：“/NWS/static/js/model/payitem/itempub.js”。",1408871022065
error,log,,,"资源与文件系统不同步：“/NWS/static/js/model/payitem/payitem.js”。",1408871022066
error,log,,,"资源与文件系统不同步：“/NWS/static/js/model/register/register.js”。",1408871022068
error,log,,,"资源与文件系统不同步：“/NWS/static/js/model/seller/seller.js”。",1408871022069
error,log,,,"资源与文件系统不同步：“/NWS/static/js/model/task/comment.js”。",1408871022070
error,log,,,"资源与文件系统不同步：“/NWS/static/js/model/task/common.js”。",1408871022072
error,log,,,"资源与文件系统不同步：“/NWS/static/js/model/user/account.js”。",1408871022073
error,log,,,"资源与文件系统不同步：“/NWS/static/js/model/user/addbank.js”。",1408871022074
error,log,,,"资源与文件系统不同步：“/NWS/static/js/model/user/auth.js”。",1408871022076
error,log,,,"资源与文件系统不同步：“/NWS/static/js/model/user/editwork.js”。",1408871022077
error,log,,,"资源与文件系统不同步：“/NWS/static/js/model/user/finance.js”。",1408871022081
error,log,,,"资源与文件系统不同步：“/NWS/static/js/model/user/message.js”。",1408871022082
error,log,,,"资源与文件系统不同步：“/NWS/static/js/model/user/prom.js”。",1408871022083
error,log,,,"资源与文件系统不同步：“/NWS/static/js/model/user/shop.js”。",1408871022085
error,log,,,"资源与文件系统不同步：“/NWS/static/js/model/user/skill.js”。",1408871022086
error,log,,,"资源与文件系统不同步：“/NWS/static/js/model/user/transaction.js”。",1408871022087
error,log,,,"资源与文件系统不同步：“/NWS/static/js/model/user/user.js”。",1408871022088
error,log,,,"资源与文件系统不同步：“/NWS/static/js/sco.confirm.js”。",1408871022089
error,log,,,"资源与文件系统不同步：“/NWS/static/js/sco.modal.js”。",1408871022091
error,log,,,"资源与文件系统不同步：“/NWS/static/js/sco.valid.js”。",1408871022092
error,log,,,"资源与文件系统不同步：“/NWS/static/js/uploadify/jquery.uploadify.min.js”。",1408871022093
error,log,,,"资源与文件系统不同步：“/NWS/static/js/uploadify/uploadify-cancel.png”。",1408871022095
error,log,,,"资源与文件系统不同步：“/NWS/static/js/uploadify/uploadify.css”。",1408871022096
error,log,,,"资源与文件系统不同步：“/NWS/static/js/uploadify/uploadify.swf”。",1408871022097
error,log,,,"资源与文件系统不同步：“/NWS/static/js/xheditor/xheditor.js”。",1408871022098
error,log,,,"资源与文件系统不同步：“/NWS/static/js/xheditor/xheditor_emot/default/angry.gif”。",1408871022100
